id,nome,sobrenome,email
1,Raven,Barabisch,rbarabisch0@chicagotribune.com
2,Gui,Kolin,gkolin1@jigsy.com
3,Fabien,Brittoner,fbrittoner2@nsw.gov.au
4,Lonnie,Golbourn,lgolbourn3@ed.gov
5,Kiley,Feechan,kfeechan4@indiegogo.com
6,Patrizio,Gawthorpe,pgawthorpe5@opera.com
7,Judye,Cantrell,jcantrell6@nsw.gov.au
8,Anna-diane,Girard,agirard7@wikispaces.com
9,Juditha,Kehoe,jkehoe8@nationalgeographic.com
10,Locke,Cardus,lcardus9@usa.gov
11,Fairfax,O' Cuolahan,focuolahana@shop-pro.jp
12,Margaret,Biddlecombe,mbiddlecombeb@vkontakte.ru
13,Sutton,O'Quin,soquinc@msu.edu
14,Althea,Dayborne,adayborned@house.gov
15,Josi,Baterip,jbateripe@tmall.com
16,Lizzy,Summerley,lsummerleyf@dion.ne.jp
17,Corry,Demonge,cdemongeg@twitter.com
18,Maxim,Falkinder,mfalkinderh@51.la
19,Haydon,Biskupski,hbiskupskii@artisteer.com
20,Ezri,Lorden,elordenj@tuttocitta.it
21,Shantee,Eggers,seggersk@bravesites.com
22,Maximilian,Hambly,mhamblyl@163.com
23,Candra,Jebb,cjebbm@wsj.com
24,Cristal,Goulding,cgouldingn@diigo.com
25,Sylas,Barrowcliffe,sbarrowcliffeo@amazon.de
26,Griffith,Coule,gcoulep@taobao.com
27,Pren,Elbourne,pelbourneq@oracle.com
28,Corliss,Perrett,cperrettr@1688.com
29,Alister,Stockau,astockaus@phoca.cz
30,Lavinie,Cuniffe,lcuniffet@dot.gov
31,Carena,Vautre,cvautreu@google.co.uk
32,Gaile,Chominski,gchominskiv@360.cn
33,Arri,Isham,aishamw@sun.com
34,Wendye,Hischke,whischkex@imdb.com
35,Sileas,Goss,sgossy@people.com.cn
36,Conny,Parke,cparkez@sourceforge.net
37,Hollis,Huertas,hhuertas10@usnews.com
38,Rikki,McCurley,rmccurley11@google.com.br
39,Cosetta,Warriner,cwarriner12@tumblr.com
40,Katleen,Boyer,kboyer13@narod.ru
41,Veronica,Targetter,vtargetter14@cdbaby.com
42,Lillian,Dalzell,ldalzell15@comcast.net
43,Salvidor,Mastrantone,smastrantone16@jigsy.com
44,Persis,Jepperson,pjepperson17@ehow.com
45,Clareta,Guys,cguys18@tumblr.com
46,Arley,Gamblin,agamblin19@wufoo.com
47,Webster,Cresar,wcresar1a@sourceforge.net
48,Maurizia,Manlow,mmanlow1b@dyndns.org
49,Tanitansy,Plowes,tplowes1c@youtu.be
50,Terrel,Melley,tmelley1d@sina.com.cn
51,Latashia,Ragless,lragless1e@parallels.com
52,Celesta,Lean,clean1f@state.gov
53,Valene,Roke,vroke1g@bandcamp.com
54,Junie,De Santos,jdesantos1h@huffingtonpost.com
55,Ricki,Ziemen,rziemen1i@youtube.com
56,Velma,Armsby,varmsby1j@hatena.ne.jp
57,Alano,Gard,agard1k@posterous.com
58,Alberik,Gowthorpe,agowthorpe1l@1688.com
59,Vaughn,Alexandre,valexandre1m@mashable.com
60,Wainwright,Simonds,wsimonds1n@cisco.com
61,Greta,Fakes,gfakes1o@wordpress.org
62,Rosalynd,Ringrose,rringrose1p@umn.edu
63,Curry,Todarini,ctodarini1q@soup.io
64,Vivianne,Rollitt,vrollitt1r@sciencedaily.com
65,Odelle,Fetter,ofetter1s@ning.com
66,Almeria,Gavahan,agavahan1t@mapy.cz
67,Marylynne,Brimilcombe,mbrimilcombe1u@icq.com
68,Clerkclaude,Andri,candri1v@statcounter.com
69,Asa,Pesticcio,apesticcio1w@mediafire.com
70,Mirna,Wilkowski,mwilkowski1x@amazon.com
71,Nye,Barkworth,nbarkworth1y@bloglovin.com
72,Danella,Tutchings,dtutchings1z@shutterfly.com
73,Galvan,Peatheyjohns,gpeatheyjohns20@amazon.com
74,Eldon,Rubrow,erubrow21@engadget.com
75,Delphinia,Hames,dhames22@cpanel.net
76,Kele,Shireff,kshireff23@businessweek.com
77,Merle,Najafian,mnajafian24@smugmug.com
78,Mendel,Rowlett,mrowlett25@gov.uk
79,Diana,Hagerty,dhagerty26@yandex.ru
80,Tabbie,Rosendale,trosendale27@goo.ne.jp
81,Oona,Gauntley,ogauntley28@guardian.co.uk
82,Gussie,Hayhow,ghayhow29@dot.gov
83,Sophronia,Uren,suren2a@reference.com
84,Maurits,Cawtheray,mcawtheray2b@mit.edu
85,Morse,Lindelof,mlindelof2c@guardian.co.uk
86,Clyde,Trevance,ctrevance2d@w3.org
87,Stanford,Scranny,sscranny2e@tripod.com
88,Bambi,Marde,bmarde2f@slashdot.org
89,Maire,Pilipyak,mpilipyak2g@usatoday.com
90,Augustine,Shemmans,ashemmans2h@posterous.com
91,Cookie,Dumingos,cdumingos2i@ustream.tv
92,Dillon,Zuan,dzuan2j@mashable.com
93,Idelle,Turfrey,iturfrey2k@homestead.com
94,Mendy,McIver,mmciver2l@addtoany.com
95,Olivero,Henrion,ohenrion2m@hud.gov
96,Sergeant,Mulran,smulran2n@bloglovin.com
97,Corrie,Duggen,cduggen2o@fda.gov
98,Merrel,Slocumb,mslocumb2p@yale.edu
99,Clarinda,Dodsley,cdodsley2q@whitehouse.gov
100,Ronda,Orsman,rorsman2r@yellowbook.com
101,Witty,Neillans,wneillans2s@istockphoto.com
102,Jamill,Ortega,jortega2t@pagesperso-orange.fr
103,Ara,Tuffs,atuffs2u@gizmodo.com
104,Kimball,Fagg,kfagg2v@businesswire.com
105,Consuela,Hiseman,chiseman2w@rediff.com
106,Brandon,Cleworth,bcleworth2x@storify.com
107,Basia,Poyzer,bpoyzer2y@google.es
108,Iolanthe,Baumert,ibaumert2z@sphinn.com
109,Louie,Landall,llandall30@samsung.com
110,Tiebold,Geram,tgeram31@abc.net.au
111,Sisile,Mumbray,smumbray32@spotify.com
112,Natal,Croydon,ncroydon33@amazon.co.jp
113,Daisi,Yewdale,dyewdale34@cdc.gov
114,Avivah,Adnett,aadnett35@mtv.com
115,Bonita,Broun,bbroun36@qq.com
116,Patsy,Coventry,pcoventry37@tumblr.com
117,Bianca,Skyme,bskyme38@sitemeter.com
118,Dinah,Dennington,ddennington39@sun.com
119,Cheston,Bourdice,cbourdice3a@blogtalkradio.com
120,Melinda,Ickovits,mickovits3b@chicagotribune.com
121,Devland,Mathews,dmathews3c@washingtonpost.com
122,Shea,Pierrepoint,spierrepoint3d@archive.org
123,Brigg,Clever,bclever3e@ucoz.ru
124,Robinson,Studdeard,rstuddeard3f@wsj.com
125,Walker,Damato,wdamato3g@cafepress.com
126,Lorenza,Sheriff,lsheriff3h@indiatimes.com
127,Tanitansy,Hassard,thassard3i@amazon.com
128,Shelba,Yarnold,syarnold3j@usgs.gov
129,Cornelius,Matisoff,cmatisoff3k@prlog.org
130,Judye,Fiorentino,jfiorentino3l@tripadvisor.com
131,Kassi,Shimony,kshimony3m@buzzfeed.com
132,Kahlil,McSpirron,kmcspirron3n@huffingtonpost.com
133,Sosanna,Mulvany,smulvany3o@bing.com
134,Kingsley,Fullagar,kfullagar3p@list-manage.com
135,Marleen,Dockree,mdockree3q@pagesperso-orange.fr
136,Darnell,Rothery,drothery3r@istockphoto.com
137,Augy,Allardyce,aallardyce3s@twitpic.com
138,Lyndsey,Andreuzzi,landreuzzi3t@instagram.com
139,Fania,Tompkins,ftompkins3u@joomla.org
140,Julio,Brady,jbrady3v@qq.com
141,Fae,Browne,fbrowne3w@canalblog.com
142,Barbie,Waggitt,bwaggitt3x@cyberchimps.com
143,Orly,Favell,ofavell3y@de.vu
144,Jada,Jiggens,jjiggens3z@acquirethisname.com
145,Garrett,Beceril,gbeceril40@geocities.com
146,Manuel,Studholme,mstudholme41@technorati.com
147,Hyacinth,Robottham,hrobottham42@yahoo.co.jp
148,Bil,Patroni,bpatroni43@nbcnews.com
149,Nickie,Cudd,ncudd44@alibaba.com
150,Birdie,Sheringham,bsheringham45@so-net.ne.jp
151,Menard,Shorie,mshorie46@webs.com
152,Putnam,Sanper,psanper47@bizjournals.com
153,Auguste,Baber,ababer48@ehow.com
154,Mufi,Plunkett,mplunkett49@google.com.br
155,Frieda,Vellender,fvellender4a@youtu.be
156,Katerina,Slobom,kslobom4b@plala.or.jp
157,Mason,Swatten,mswatten4c@ehow.com
158,Derrik,Vasilov,dvasilov4d@nsw.gov.au
159,Caitlin,Hurdman,churdman4e@constantcontact.com
160,Welby,Antognoni,wantognoni4f@cmu.edu
161,Giffie,Presidey,gpresidey4g@naver.com
162,Braden,Tiptaft,btiptaft4h@symantec.com
163,Octavius,Grantham,ograntham4i@ebay.co.uk
164,Robinetta,Cradey,rcradey4j@goodreads.com
165,Marney,Ottawell,mottawell4k@usgs.gov
166,Breanne,Torvey,btorvey4l@furl.net
167,Celeste,Keble,ckeble4m@drupal.org
168,Aeriel,Cardenas,acardenas4n@purevolume.com
169,Mirella,Alenichev,malenichev4o@hatena.ne.jp
170,Lemuel,Peschet,lpeschet4p@qq.com
171,Rhodia,Malitrott,rmalitrott4q@npr.org
172,Rubina,Kerin,rkerin4r@angelfire.com
173,Perry,Dignan,pdignan4s@vinaora.com
174,Blythe,Goddman,bgoddman4t@bloomberg.com
175,Jacky,Dawes,jdawes4u@prnewswire.com
176,Merl,Olle,molle4v@state.tx.us
177,Culver,Flieg,cflieg4w@webeden.co.uk
178,Inger,Sancho,isancho4x@jigsy.com
179,Farrand,Hilldrup,fhilldrup4y@icio.us
180,Gelya,Harken,gharken4z@flavors.me
181,Lelia,Bowring,lbowring50@mozilla.org
182,Edi,Eden,eeden51@hubpages.com
183,Lezlie,Titta,ltitta52@paginegialle.it
184,Avery,Cain,acain53@sciencedaily.com
185,Colas,Malyan,cmalyan54@gravatar.com
186,Antone,McPheat,amcpheat55@amazon.de
187,Amii,Kreuzer,akreuzer56@apache.org
188,Wood,Doram,wdoram57@4shared.com
189,Erda,Rickard,erickard58@spiegel.de
190,Ike,Croxton,icroxton59@t.co
191,Micheil,Antonikov,mantonikov5a@paginegialle.it
192,Amii,Gibbetts,agibbetts5b@sfgate.com
193,Desirae,MacDougall,dmacdougall5c@wikispaces.com
194,Lorne,Oats,loats5d@scientificamerican.com
195,Katrina,Skentelbury,kskentelbury5e@csmonitor.com
196,Tadeo,Happs,thapps5f@craigslist.org
197,Katie,Usher,kusher5g@sogou.com
198,Jaynell,Cuthill,jcuthill5h@desdev.cn
199,Aurea,Gulliford,agulliford5i@fda.gov
200,Vern,Macrow,vmacrow5j@eventbrite.com
201,Ailsun,Pauley,apauley5k@ifeng.com
202,Gerladina,Broadis,gbroadis5l@tiny.cc
203,Debora,Jerisch,djerisch5m@github.io
204,Mychal,Courcey,mcourcey5n@xing.com
205,Brittani,Jendrusch,bjendrusch5o@timesonline.co.uk
206,Alric,Towlson,atowlson5p@bbb.org
207,Pauletta,Bowlesworth,pbowlesworth5q@zdnet.com
208,Lamont,Pervoe,lpervoe5r@ustream.tv
209,Ray,Hemms,rhemms5s@zdnet.com
210,Maribel,Colegrove,mcolegrove5t@nba.com
211,Anne-corinne,Smitheram,asmitheram5u@infoseek.co.jp
212,Shantee,Hearon,shearon5v@twitter.com
213,Boniface,McPeeters,bmcpeeters5w@wordpress.org
214,Isacco,Du Pre,idupre5x@fda.gov
215,Dun,Shorto,dshorto5y@cbsnews.com
216,Abe,Langrish,alangrish5z@state.gov
217,Hasheem,McComb,hmccomb60@thetimes.co.uk
218,Reuben,Delhanty,rdelhanty61@pen.io
219,Dorie,Scopes,dscopes62@paginegialle.it
220,Otha,Phelps,ophelps63@wired.com
221,Barbi,Lethabridge,blethabridge64@amazon.co.uk
222,Gonzales,Liddard,gliddard65@lycos.com
223,Pietrek,Fattori,pfattori66@cpanel.net
224,Nathan,Kunneke,nkunneke67@people.com.cn
225,Janean,Wringe,jwringe68@sitemeter.com
226,Clement,Cristoforetti,ccristoforetti69@amazon.com
227,Melonie,Gatman,mgatman6a@squidoo.com
228,Flossi,Mechem,fmechem6b@reverbnation.com
229,Elise,Gooderham,egooderham6c@dion.ne.jp
230,Theda,Shekle,tshekle6d@comsenz.com
231,Leoline,Warsap,lwarsap6e@fda.gov
232,Ezekiel,Burlingame,eburlingame6f@mac.com
233,Ali,Klosser,aklosser6g@apple.com
234,Elset,Gaiford,egaiford6h@prlog.org
235,Carol,Kelf,ckelf6i@disqus.com
236,Alix,Feye,afeye6j@hhs.gov
237,Man,Vankeev,mvankeev6k@zimbio.com
238,Lauryn,Mil,lmil6l@usgs.gov
239,Iolande,Hamber,ihamber6m@gmpg.org
240,Anabelle,Blazi,ablazi6n@globo.com
241,Marti,Taberner,mtaberner6o@gizmodo.com
242,Erv,Schonfeld,eschonfeld6p@usatoday.com
243,Carson,McCarl,cmccarl6q@dailymail.co.uk
244,Gillian,Artis,gartis6r@redcross.org
245,Dagny,Cluatt,dcluatt6s@indiatimes.com
246,Daloris,oldey,doldey6t@com.com
247,Kania,Flatman,kflatman6u@homestead.com
248,Theo,Hammill,thammill6v@craigslist.org
249,Marlie,Jellyman,mjellyman6w@businesswire.com
250,Christal,Leadbetter,cleadbetter6x@craigslist.org
251,Teri,Raith,traith6y@163.com
252,Siegfried,Garman,sgarman6z@indiatimes.com
253,Travers,Cicculini,tcicculini70@newyorker.com
254,Kylen,Bendik,kbendik71@wikispaces.com
255,Traver,Gabbidon,tgabbidon72@nbcnews.com
256,Banky,Craigmile,bcraigmile73@wordpress.org
257,Papageno,Matus,pmatus74@narod.ru
258,Grazia,Cleugher,gcleugher75@cbslocal.com
259,Mimi,Furze,mfurze76@angelfire.com
260,Shelden,Phillipps,sphillipps77@wikimedia.org
261,Kalle,Chapelle,kchapelle78@admin.ch
262,Alverta,Oret,aoret79@wordpress.com
263,Janeva,Lehrmann,jlehrmann7a@tiny.cc
264,Gareth,Whoolehan,gwhoolehan7b@privacy.gov.au
265,Gavan,Southerell,gsoutherell7c@wunderground.com
266,Jephthah,Rudsdale,jrudsdale7d@google.com.hk
267,Elmira,McShane,emcshane7e@icio.us
268,Ula,Gomersall,ugomersall7f@odnoklassniki.ru
269,Maude,Anderson,manderson7g@mail.ru
270,Jacki,Jikovsky,jjikovsky7h@nationalgeographic.com
271,Fallon,Sola,fsola7i@timesonline.co.uk
272,Steffane,Annett,sannett7j@unc.edu
273,Claus,Knightly,cknightly7k@nifty.com
274,Rick,Oulet,roulet7l@reuters.com
275,Leigha,Rustidge,lrustidge7m@loc.gov
276,Briney,Blore,bblore7n@edublogs.org
277,Codi,Hasard,chasard7o@angelfire.com
278,Noll,Estcot,nestcot7p@nasa.gov
279,Seth,Seth,sseth7q@wiley.com
280,Petunia,Labon,plabon7r@prlog.org
281,Billy,Bonanno,bbonanno7s@google.fr
282,Morganne,MacKenzie,mmackenzie7t@goo.gl
283,Des,Gourlie,dgourlie7u@woothemes.com
284,Sheila,Bartoloma,sbartoloma7v@mysql.com
285,Dee,Behnke,dbehnke7w@whitehouse.gov
286,Carmelia,Matijevic,cmatijevic7x@yelp.com
287,Gwen,Spofford,gspofford7y@unesco.org
288,Gisela,Jore,gjore7z@uol.com.br
289,Fanya,Tomczykiewicz,ftomczykiewicz80@cnet.com
290,Frederick,Abeau,fabeau81@si.edu
291,Noel,Eitter,neitter82@google.com.hk
292,Sandye,Mustchin,smustchin83@google.co.jp
293,Tamas,Lante,tlante84@disqus.com
294,Cilka,Lancashire,clancashire85@google.nl
295,Giorgi,Kleuer,gkleuer86@mysql.com
296,Rowe,Haughan,rhaughan87@europa.eu
297,Rhody,Zink,rzink88@bigcartel.com
298,Gabey,Bartelet,gbartelet89@amazon.com
299,Dani,Axtens,daxtens8a@cocolog-nifty.com
300,Kane,Jellman,kjellman8b@dot.gov
301,Windham,Reddington,wreddington8c@unc.edu
302,Nehemiah,Kinnar,nkinnar8d@lycos.com
303,Wells,Clew,wclew8e@wiley.com
304,Vanny,Greenhaugh,vgreenhaugh8f@nasa.gov
305,Natalina,Brampton,nbrampton8g@hc360.com
306,Dannie,Barlthrop,dbarlthrop8h@jigsy.com
307,Barnebas,Hynd,bhynd8i@salon.com
308,Pancho,Lanfare,planfare8j@apache.org
309,Ragnar,Halt,rhalt8k@cloudflare.com
310,Morten,Parsley,mparsley8l@pbs.org
311,Quintin,Hiorn,qhiorn8m@lycos.com
312,Ricki,Basilotta,rbasilotta8n@latimes.com
313,Emilia,Lintot,elintot8o@ibm.com
314,Natalee,Moxted,nmoxted8p@webeden.co.uk
315,Hortensia,Cultcheth,hcultcheth8q@desdev.cn
316,Delmar,Leatherbarrow,dleatherbarrow8r@dagondesign.com
317,Lucais,Copestick,lcopestick8s@artisteer.com
318,Shea,Pitt,spitt8t@dailymotion.com
319,Gaven,Gonnet,ggonnet8u@ted.com
320,Thorndike,Domanski,tdomanski8v@princeton.edu
321,Minnnie,Stuchbury,mstuchbury8w@apache.org
322,Opalina,Busch,obusch8x@howstuffworks.com
323,Tymothy,Matchell,tmatchell8y@ed.gov
324,Jasen,Clohessy,jclohessy8z@springer.com
325,Brianne,Strowan,bstrowan90@hp.com
326,Rosco,Seedman,rseedman91@qq.com
327,Damian,Petett,dpetett92@networkadvertising.org
328,Lynette,Fearnill,lfearnill93@etsy.com
329,Kristel,Yakobovitz,kyakobovitz94@google.ru
330,Egbert,Bibey,ebibey95@discuz.net
331,Kesley,Petracek,kpetracek96@xrea.com
332,Moria,Saffon,msaffon97@posterous.com
333,Clari,Jerdan,cjerdan98@google.nl
334,Wit,Besque,wbesque99@icq.com
335,Phylys,Karpushkin,pkarpushkin9a@archive.org
336,Finn,MacQuarrie,fmacquarrie9b@usnews.com
337,Khalil,Kretschmer,kkretschmer9c@tumblr.com
338,Cathyleen,Cranmere,ccranmere9d@unblog.fr
339,Shay,Maulin,smaulin9e@apple.com
340,Teodor,Blueman,tblueman9f@canalblog.com
341,Burl,Ryan,bryan9g@weebly.com
342,Deane,Cheeld,dcheeld9h@netscape.com
343,Gino,Alan,galan9i@google.com.hk
344,Ferne,Lothean,flothean9j@fda.gov
345,Cicely,Dowsett,cdowsett9k@furl.net
346,Gene,Catterill,gcatterill9l@mapquest.com
347,Son,Gianilli,sgianilli9m@technorati.com
348,Cosme,de Werk,cdewerk9n@freewebs.com
349,Miguel,Savaage,msavaage9o@cnet.com
350,Carlina,Dummett,cdummett9p@nih.gov
351,Wynn,Castle,wcastle9q@prnewswire.com
352,Gigi,Wissby,gwissby9r@nhs.uk
353,Agnola,Sarfat,asarfat9s@cam.ac.uk
354,Lucio,Piatkowski,lpiatkowski9t@techcrunch.com
355,Latashia,Croley,lcroley9u@aboutads.info
356,Whitney,Tarbet,wtarbet9v@toplist.cz
357,Tyrus,Denes,tdenes9w@yelp.com
358,Dewie,Searchfield,dsearchfield9x@drupal.org
359,Cordy,Toxell,ctoxell9y@cpanel.net
360,Brit,Espinoy,bespinoy9z@adobe.com
361,Enos,Primmer,eprimmera0@fc2.com
362,Artemas,Floch,aflocha1@baidu.com
363,Hadleigh,Astupenas,hastupenasa2@reference.com
364,Jock,Pagelsen,jpagelsena3@scribd.com
365,Ninetta,Lutton,nluttona4@cam.ac.uk
366,Orran,Hakking,ohakkinga5@samsung.com
367,Fin,Carthy,fcarthya6@sciencedaily.com
368,Odette,Taye,otayea7@addtoany.com
369,James,Reece,jreecea8@odnoklassniki.ru
370,Judah,Anscombe,janscombea9@w3.org
371,Ranna,Tomney,rtomneyaa@free.fr
372,Shermy,de Werk,sdewerkab@seattletimes.com
373,Yancy,Badam,ybadamac@cnet.com
374,Cordelie,Reckless,crecklessad@umn.edu
375,Herold,Heinicke,hheinickeae@typepad.com
376,Gerladina,Millard,gmillardaf@slashdot.org
377,Dirk,Fettiplace,dfettiplaceag@simplemachines.org
378,Angel,McRae,amcraeah@nsw.gov.au
379,Karilynn,Hoggins,khogginsai@google.it
380,Lonny,Willshear,lwillshearaj@whitehouse.gov
381,Brion,Sainteau,bsainteauak@ca.gov
382,Lamar,Ellul,lellulal@cyberchimps.com
383,Lani,Biaggioni,lbiaggioniam@epa.gov
384,Tanya,Cockerham,tcockerhaman@dot.gov
385,Joanna,Taaffe,jtaaffeao@altervista.org
386,Ania,Bawme,abawmeap@icq.com
387,Marilin,Pellissier,mpellissieraq@state.gov
388,Carolynn,Hotton,chottonar@biglobe.ne.jp
389,Pepito,Avo,pavoas@addtoany.com
390,Cristina,Behnke,cbehnkeat@youtube.com
391,Dorolisa,Audenis,daudenisau@bing.com
392,Evangelia,Calderon,ecalderonav@ovh.net
393,Sarena,Heaviside,sheavisideaw@mapy.cz
394,Donny,Fishleigh,dfishleighax@merriam-webster.com
395,Rurik,Cato,rcatoay@google.com.br
396,Evonne,Cello,ecelloaz@sciencedirect.com
397,Seward,Brugh,sbrughb0@google.co.jp
398,Shirley,Beelby,sbeelbyb1@ibm.com
399,Rae,Welburn,rwelburnb2@163.com
400,Flinn,Dimberline,fdimberlineb3@umn.edu
401,Aubry,Stopper,astopperb4@europa.eu
402,Bartholemy,Caulcutt,bcaulcuttb5@dailymotion.com
403,Buckie,Wait,bwaitb6@soup.io
404,Teresina,Eloy,teloyb7@pen.io
405,Jerrilyn,Pordal,jpordalb8@mozilla.com
406,Wyn,Berzon,wberzonb9@businessinsider.com
407,Shandra,Bottlestone,sbottlestoneba@hao123.com
408,Francene,Jeal,fjealbb@oracle.com
409,Colin,Arthurs,carthursbc@biblegateway.com
410,Rance,Hibling,rhiblingbd@google.es
411,Titos,Normavill,tnormavillbe@tmall.com
412,Gran,MacLeese,gmacleesebf@apache.org
413,North,Ilbert,nilbertbg@storify.com
414,Xymenes,Batch,xbatchbh@ox.ac.uk
415,Tybalt,Jobey,tjobeybi@zdnet.com
416,Lizzie,Toal,ltoalbj@github.io
417,Tommy,Causer,tcauserbk@patch.com
418,Salome,Kinset,skinsetbl@arizona.edu
419,Devonne,Loseke,dlosekebm@cdc.gov
420,Loralie,Huckster,lhucksterbn@ucsd.edu
421,Sorcha,Eccleston,secclestonbo@jiathis.com
422,Teodor,Totton,ttottonbp@booking.com
423,Merissa,Yankin,myankinbq@wikipedia.org
424,Patty,Dudmesh,pdudmeshbr@wp.com
425,Savina,Ambresin,sambresinbs@typepad.com
426,Dasya,Brahmer,dbrahmerbt@psu.edu
427,Glenden,Ovenell,govenellbu@hatena.ne.jp
428,Kinnie,Sorton,ksortonbv@gizmodo.com
429,Dorian,Wildgoose,dwildgoosebw@stanford.edu
430,Graehme,Meardon,gmeardonbx@ftc.gov
431,Noah,Dulieu,ndulieuby@engadget.com
432,Haley,Conley,hconleybz@taobao.com
433,Bay,Zeale,bzealec0@usatoday.com
434,Bridgette,Brindle,bbrindlec1@usgs.gov
435,Jourdan,Connew,jconnewc2@eventbrite.com
436,Alexandros,Shakespear,ashakespearc3@marriott.com
437,Silvia,Leftley,sleftleyc4@cornell.edu
438,Selma,Dicky,sdickyc5@nih.gov
439,Amelita,Baber,ababerc6@ihg.com
440,Giraud,Feehan,gfeehanc7@webs.com
441,Berton,Fife,bfifec8@fotki.com
442,Joannes,Blondel,jblondelc9@e-recht24.de
443,De witt,Brendish,dbrendishca@webnode.com
444,Kailey,Aldwich,kaldwichcb@utexas.edu
445,Elfreda,Farens,efarenscc@ucsd.edu
446,Derwin,Delatour,ddelatourcd@eepurl.com
447,Angelina,Lochead,alocheadce@state.tx.us
448,Fabien,Abbotson,fabbotsoncf@samsung.com
449,Gilda,Le Friec,glefrieccg@goodreads.com
450,Grayce,Newns,gnewnsch@ed.gov
451,Erhart,Foucher,efoucherci@paypal.com
452,Clerc,Ricciardi,cricciardicj@goo.gl
453,Leonora,MacIlriach,lmacilriachck@squarespace.com
454,Benjamen,Easby,beasbycl@utexas.edu
455,Giovanna,Goodridge,ggoodridgecm@cpanel.net
456,Alphonso,Sherar,asherarcn@discovery.com
457,Herc,Bemlott,hbemlottco@bravesites.com
458,Alicia,Poore,apoorecp@slashdot.org
459,Eydie,Heditch,eheditchcq@ezinearticles.com
460,Sioux,Pallis,spalliscr@walmart.com
461,Karly,Glassup,kglassupcs@amazon.de
462,Beverly,Rentz,brentzct@jimdo.com
463,Holly-anne,Battaille,hbattaillecu@yellowbook.com
464,Jewelle,Josephy,jjosephycv@npr.org
465,Wally,Popplewell,wpopplewellcw@ibm.com
466,Kiri,Mandell,kmandellcx@mtv.com
467,Eddi,Wartnaby,ewartnabycy@usatoday.com
468,Rudolph,Norley,rnorleycz@barnesandnoble.com
469,Frasquito,Stocken,fstockend0@tuttocitta.it
470,Pat,Tander,ptanderd1@yandex.ru
471,Roxanna,Mariner,rmarinerd2@prweb.com
472,Tomasina,Summerill,tsummerilld3@topsy.com
473,Anny,Dovinson,adovinsond4@un.org
474,Elden,Goschalk,egoschalkd5@qq.com
475,Thayne,Raiston,traistond6@dot.gov
476,Sabine,Croxon,scroxond7@gmpg.org
477,Kile,Lerwell,klerwelld8@tinyurl.com
478,Fulton,Casella,fcasellad9@spiegel.de
479,Rorie,Zannelli,rzannellida@stanford.edu
480,Donn,Kilgallon,dkilgallondb@loc.gov
481,Hamel,Pammenter,hpammenterdc@irs.gov
482,Mindy,Shillitto,mshillittodd@ftc.gov
483,Rockwell,Yeldham,ryeldhamde@skyrock.com
484,Evie,Skudder,eskudderdf@photobucket.com
485,Lainey,Rubenovic,lrubenovicdg@google.es
486,West,Scamadine,wscamadinedh@amazon.de
487,Adele,Deny,adenydi@nytimes.com
488,Clari,Gabitis,cgabitisdj@tmall.com
489,Gillian,Conichie,gconichiedk@discuz.net
490,Monty,Ziemecki,mziemeckidl@ft.com
491,Sid,Broscombe,sbroscombedm@mtv.com
492,Colby,Wichard,cwicharddn@behance.net
493,Ramona,Mulvagh,rmulvaghdo@state.tx.us
494,Laurene,Steptow,lsteptowdp@yale.edu
495,Ivor,Diprose,idiprosedq@scribd.com
496,Owen,Noddles,onoddlesdr@shareasale.com
497,Dalston,Horsfield,dhorsfieldds@slate.com
498,Codi,Broadway,cbroadwaydt@exblog.jp
499,Jocelyn,Haresnaip,jharesnaipdu@yandex.ru
500,Jana,Couroy,jcouroydv@linkedin.com
501,Rurik,Marginson,rmarginsondw@java.com
502,Jaquelin,Corcut,jcorcutdx@ucsd.edu
503,Emmet,Sunock,esunockdy@smugmug.com
504,Peg,Doeg,pdoegdz@tripod.com
505,Olwen,Neeson,oneesone0@com.com
506,Orsola,Fust,ofuste1@blogtalkradio.com
507,Tommy,Peizer,tpeizere2@fc2.com
508,Elisha,Brodeur,ebrodeure3@army.mil
509,Aime,Moss,amosse4@alibaba.com
510,Edeline,Heggman,eheggmane5@a8.net
511,Saree,Lawson,slawsone6@examiner.com
512,Sollie,Petracchi,spetracchie7@woothemes.com
513,Reg,Fusedale,rfusedalee8@umn.edu
514,Noel,Deniso,ndenisoe9@prweb.com
515,Domeniga,Klais,dklaisea@fastcompany.com
516,Arluene,Minmagh,aminmagheb@tinypic.com
517,Clarance,Cavanaugh,ccavanaughec@indiegogo.com
518,Fabian,Loxton,floxtoned@sitemeter.com
519,Lenore,Hupe,lhupeee@elpais.com
520,Estell,Magwood,emagwoodef@dagondesign.com
521,Arni,Chasney,achasneyeg@booking.com
522,Jerrold,Dumbarton,jdumbartoneh@reuters.com
523,Bern,Wem,bwemei@etsy.com
524,Johna,Garwood,jgarwoodej@sciencedaily.com
525,Salomone,Portail,sportailek@over-blog.com
526,Meghann,Ivanikhin,mivanikhinel@google.com
527,Lane,Haisell,lhaisellem@europa.eu
528,Bobine,Raison,braisonen@europa.eu
529,Isaiah,Fogden,ifogdeneo@kickstarter.com
530,Drucie,Giddy,dgiddyep@salon.com
531,Giovanni,Cryer,gcryereq@digg.com
532,Tabbi,Corneck,tcornecker@lycos.com
533,Freddi,Thalmann,fthalmannes@chicagotribune.com
534,Pail,Flintoffe,pflintoffeet@tumblr.com
535,Diane,Spours,dspourseu@newyorker.com
536,Free,Magill,fmagillev@behance.net
537,Marcelia,Myrkus,mmyrkusew@youtube.com
538,Lacy,Springate,lspringateex@furl.net
539,Moina,Robbie,mrobbieey@a8.net
540,Tiffi,Diben,tdibenez@exblog.jp
541,Tallie,Saby,tsabyf0@bbc.co.uk
542,Nessi,Strick,nstrickf1@businesswire.com
543,Hilliary,Bootherstone,hbootherstonef2@parallels.com
544,Harri,Gooden,hgoodenf3@latimes.com
545,Pam,Puddephatt,ppuddephattf4@nyu.edu
546,Georgiana,Wermerling,gwermerlingf5@theatlantic.com
547,Kaylil,Abel,kabelf6@163.com
548,Efrem,Leare,elearef7@berkeley.edu
549,Garth,Esposi,gesposif8@com.com
550,Rosemary,Pawden,rpawdenf9@whitehouse.gov
551,Petra,Jandl,pjandlfa@ed.gov
552,Vance,Amor,vamorfb@linkedin.com
553,Reggis,Grigoryov,rgrigoryovfc@ning.com
554,Fabe,Glennon,fglennonfd@smh.com.au
555,Corny,Gantz,cgantzfe@wikimedia.org
556,Zed,O'Crevan,zocrevanff@paginegialle.it
557,Kristyn,Fee,kfeefg@timesonline.co.uk
558,Gayla,Dursley,gdursleyfh@wiley.com
559,Stefa,Jedrzejewski,sjedrzejewskifi@i2i.jp
560,Rosy,Matejic,rmatejicfj@lycos.com
561,Avivah,Macveigh,amacveighfk@multiply.com
562,Manya,McHarry,mmcharryfl@ucoz.com
563,Emelita,Salzen,esalzenfm@printfriendly.com
564,Hillard,Lea,hleafn@4shared.com
565,Rob,Di Meo,rdimeofo@gov.uk
566,Dahlia,Bromilow,dbromilowfp@sphinn.com
567,Gilles,Stodit,gstoditfq@lulu.com
568,Kelley,Andrioli,kandriolifr@prnewswire.com
569,Brady,Leinweber,bleinweberfs@cocolog-nifty.com
570,Myrta,Tight,mtightft@cam.ac.uk
571,Timothy,Javes,tjavesfu@examiner.com
572,Chastity,Maccree,cmaccreefv@economist.com
573,Stephanie,Le Marquand,slemarquandfw@vkontakte.ru
574,Asher,Backshall,abackshallfx@t.co
575,Glennie,Roulston,groulstonfy@kickstarter.com
576,Lammond,Besse,lbessefz@posterous.com
577,Cyril,Hambelton,chambeltong0@state.tx.us
578,Karlene,Stebbings,kstebbingsg1@baidu.com
579,Lilas,Slane,lslaneg2@umn.edu
580,Ester,Arpur,earpurg3@blinklist.com
581,Delilah,Legat,dlegatg4@wordpress.com
582,Debbie,Fair,dfairg5@myspace.com
583,Zonnya,Butler-Bowdon,zbutlerbowdong6@geocities.jp
584,Benetta,Itzkin,bitzking7@mapquest.com
585,Man,Spurdle,mspurdleg8@techcrunch.com
586,Risa,Sowthcote,rsowthcoteg9@state.gov
587,Verina,Bartrum,vbartrumga@studiopress.com
588,Hewitt,Edelheit,hedelheitgb@thetimes.co.uk
589,Hattie,Godin,hgodingc@telegraph.co.uk
590,Karlik,Vsanelli,kvsanelligd@cbsnews.com
591,Cass,Osborn,cosbornge@ovh.net
592,Ingmar,Cushion,icushiongf@bandcamp.com
593,Erl,Jannex,ejannexgg@dyndns.org
594,Teena,Cocke,tcockegh@csmonitor.com
595,Rubia,Liddall,rliddallgi@sphinn.com
596,Patrizio,Spenclay,pspenclaygj@mashable.com
597,Elvyn,Flowerden,eflowerdengk@msn.com
598,Romona,Pitway,rpitwaygl@sbwire.com
599,Linn,Adelman,ladelmangm@nature.com
600,Terri,Marris,tmarrisgn@tamu.edu
601,Gerick,Chismon,gchismongo@dot.gov
602,Al,Carnell,acarnellgp@ehow.com
603,Leopold,Harpham,lharphamgq@mit.edu
604,Freda,Danniell,fdanniellgr@cam.ac.uk
605,Erastus,Farquarson,efarquarsongs@cam.ac.uk
606,Auguste,Amort,aamortgt@europa.eu
607,Gianna,Anney,ganneygu@webmd.com
608,Llywellyn,Danieli,ldanieligv@goo.gl
609,Ediva,Pioch,epiochgw@reddit.com
610,Jojo,Abramamov,jabramamovgx@washington.edu
611,Lindsay,Scollard,lscollardgy@pinterest.com
612,Ruthann,Brownrigg,rbrownrigggz@livejournal.com
613,Stacee,Foltin,sfoltinh0@theatlantic.com
614,Chalmers,Este,cesteh1@multiply.com
615,Alanna,Ellard,aellardh2@jigsy.com
616,Christoforo,Seward,csewardh3@naver.com
617,Claire,Bartolacci,cbartolaccih4@accuweather.com
618,Netty,Setter,nsetterh5@clickbank.net
619,Dick,Godon,dgodonh6@baidu.com
620,Rodge,Arons,raronsh7@g.co
621,Dalston,Gerb,dgerbh8@sakura.ne.jp
622,Chrisy,Depka,cdepkah9@mysql.com
623,Peggie,Espada,pespadaha@sfgate.com
624,Mark,Tansly,mtanslyhb@seesaa.net
625,Adina,Pauel,apauelhc@smh.com.au
626,Gerik,Owain,gowainhd@pcworld.com
627,Laurie,Cheshire,lcheshirehe@pcworld.com
628,Sancho,Gerb,sgerbhf@squidoo.com
629,Arie,Albro,aalbrohg@goodreads.com
630,Nickey,MacCook,nmaccookhh@bbb.org
631,Haskell,Pimblotte,hpimblottehi@webs.com
632,Cati,Wolfit,cwolfithj@feedburner.com
633,Ruperto,Woofinden,rwoofindenhk@utexas.edu
634,Vinny,Duffett,vduffetthl@google.es
635,Redd,Goney,rgoneyhm@dell.com
636,Zacharia,Swainsbury,zswainsburyhn@shutterfly.com
637,Vikki,Aneley,vaneleyho@seesaa.net
638,Anjanette,Ratnage,aratnagehp@tripadvisor.com
639,Alric,Ranvoise,aranvoisehq@usatoday.com
640,Reggis,Rayson,rraysonhr@mozilla.org
641,Nikolas,Treverton,ntrevertonhs@csmonitor.com
642,Melisent,Yarn,myarnht@unesco.org
643,Yanaton,Ogger,yoggerhu@icio.us
644,Truman,Pedroli,tpedrolihv@globo.com
645,Cynthea,Billanie,cbillaniehw@canalblog.com
646,Halette,Hardern,hhardernhx@cmu.edu
647,Lowell,Carabine,lcarabinehy@sitemeter.com
648,Nigel,Tue,ntuehz@jigsy.com
649,Lorianne,Kall,lkalli0@wp.com
650,Filberto,Giggie,fgiggiei1@ucoz.ru
651,Ozzy,Richin,orichini2@omniture.com
652,Tomaso,Creighton,tcreightoni3@cbslocal.com
653,Rafferty,Coast,rcoasti4@zdnet.com
654,Amos,Warret,awarreti5@sohu.com
655,Connie,Diss,cdissi6@ox.ac.uk
656,Nickolas,Alp,nalpi7@barnesandnoble.com
657,Nari,Birkin,nbirkini8@geocities.jp
658,Damian,Churchley,dchurchleyi9@rakuten.co.jp
659,Averyl,Subhan,asubhania@arizona.edu
660,Anderea,Ludl,aludlib@slashdot.org
661,Philipa,Lisamore,plisamoreic@stumbleupon.com
662,Dasya,Peet,dpeetid@kickstarter.com
663,Nigel,Reffe,nreffeie@latimes.com
664,Kattie,Lafrentz,klafrentzif@jugem.jp
665,Emma,MacKnight,emacknightig@webeden.co.uk
666,Jaimie,Clancy,jclancyih@bing.com
667,Gale,Severs,gseversii@mapquest.com
668,Elihu,Begbie,ebegbieij@mozilla.org
669,Mufi,Screen,mscreenik@rakuten.co.jp
670,Elwin,Hartwright,ehartwrightil@narod.ru
671,Lauraine,Chitty,lchittyim@ask.com
672,Brittani,Whaplington,bwhaplingtonin@unicef.org
673,Sutherland,Tirrell,stirrellio@dell.com
674,Toiboid,Vanyarkin,tvanyarkinip@devhub.com
675,Shayne,Gate,sgateiq@taobao.com
676,Barbra,Croisdall,bcroisdallir@mail.ru
677,Nicki,Schruyers,nschruyersis@netlog.com
678,Alberta,Bambridge,abambridgeit@abc.net.au
679,Teodorico,Snugg,tsnuggiu@bbc.co.uk
680,Cyb,Blizard,cblizardiv@biblegateway.com
681,Griffith,Raynard,graynardiw@friendfeed.com
682,Leopold,Davys,ldavysix@opera.com
683,Joelly,Nafzger,jnafzgeriy@ucla.edu
684,Cookie,Garmanson,cgarmansoniz@google.de
685,Nathalia,Bourdel,nbourdelj0@nba.com
686,Sonnie,Keeltagh,skeeltaghj1@ucla.edu
687,Matthew,Shower,mshowerj2@friendfeed.com
688,Ross,Chipchase,rchipchasej3@google.com.au
689,Ade,Hullot,ahullotj4@linkedin.com
690,Lek,Blant,lblantj5@aol.com
691,Leodora,Howsden,lhowsdenj6@mlb.com
692,Talyah,Carmichael,tcarmichaelj7@google.com.au
693,Karlan,Evins,kevinsj8@mac.com
694,Milton,Gianetti,mgianettij9@g.co
695,Hall,Crankshaw,hcrankshawja@imdb.com
696,Tiffy,Bennett,tbennettjb@moonfruit.com
697,Lorene,Coady,lcoadyjc@typepad.com
698,Vinnie,Simnor,vsimnorjd@noaa.gov
699,Ario,Lambshine,alambshineje@angelfire.com
700,Carlota,Sloey,csloeyjf@utexas.edu
701,Berty,Jendrich,bjendrichjg@nhs.uk
702,Bowie,Fuggles,bfugglesjh@webmd.com
703,Rheta,Vasovic,rvasovicji@cloudflare.com
704,Tiff,Smithend,tsmithendjj@plala.or.jp
705,Xavier,Bugbee,xbugbeejk@epa.gov
706,Lisetta,Curteis,lcurteisjl@ustream.tv
707,Jimmy,Sodeau,jsodeaujm@ning.com
708,Merry,Russi,mrussijn@sbwire.com
709,Nappy,Vasser,nvasserjo@youtu.be
710,Aliza,Dinan,adinanjp@slate.com
711,Chrysler,Bullers,cbullersjq@independent.co.uk
712,Gladi,Trotter,gtrotterjr@de.vu
713,Rosemaria,Soares,rsoaresjs@seattletimes.com
714,Karleen,Haycraft,khaycraftjt@accuweather.com
715,Shurwood,Alway,salwayju@wunderground.com
716,Teresita,Hatz,thatzjv@xinhuanet.com
717,Marijo,Blanshard,mblanshardjw@qq.com
718,Kristen,Snowdon,ksnowdonjx@netvibes.com
719,Zorina,Boyfield,zboyfieldjy@ovh.net
720,Herman,Skentelbury,hskentelburyjz@reference.com
721,Dennie,Hassen,dhassenk0@vkontakte.ru
722,Nick,Presman,npresmank1@engadget.com
723,Sayers,Speight,sspeightk2@illinois.edu
724,Godiva,Furmage,gfurmagek3@foxnews.com
725,Ronda,Caudray,rcaudrayk4@shareasale.com
726,Isac,Sheepy,isheepyk5@typepad.com
727,Alexandros,Gumly,agumlyk6@squidoo.com
728,Eli,Temple,etemplek7@dell.com
729,Brett,Brogi,bbrogik8@harvard.edu
730,Eliot,Mussettini,emussettinik9@altervista.org
731,Garret,Breukelman,gbreukelmanka@instagram.com
732,Bridget,Sheavills,bsheavillskb@facebook.com
733,Lesya,Germaine,lgermainekc@desdev.cn
734,Judye,McNae,jmcnaekd@over-blog.com
735,Freda,Meates,fmeateske@google.fr
736,Ebba,Rottery,erotterykf@ezinearticles.com
737,Darill,Brister,dbristerkg@ameblo.jp
738,Dannel,McPike,dmcpikekh@constantcontact.com
739,Flemming,Hardan,fhardanki@reverbnation.com
740,Berkly,Halstead,bhalsteadkj@weebly.com
741,Roch,Mundell,rmundellkk@un.org
742,Kathryne,Gredden,kgreddenkl@amazonaws.com
743,Shurwood,Elderbrant,selderbrantkm@baidu.com
744,Shae,Harvard,sharvardkn@jalbum.net
745,Thoma,Davitt,tdavittko@google.com.hk
746,Angelo,Eakeley,aeakeleykp@geocities.jp
747,Ermina,Chazette,echazettekq@xrea.com
748,Gilbert,Dibble,gdibblekr@google.com.br
749,Padraic,Alfonsetto,palfonsettoks@indiatimes.com
750,Kore,Stormes,kstormeskt@lulu.com
751,Claybourne,Darrington,cdarringtonku@seesaa.net
752,Lu,Eaglesham,leagleshamkv@amazon.com
753,Wynne,Kettlesting,wkettlestingkw@walmart.com
754,Thacher,Paige,tpaigekx@ucoz.com
755,Tobiah,Mayhead,tmayheadky@twitpic.com
756,Maris,Ivasyushkin,mivasyushkinkz@themeforest.net
757,Chancey,Moreinis,cmoreinisl0@github.com
758,Kylen,Harrower,kharrowerl1@ning.com
759,Joni,Kennady,jkennadyl2@adobe.com
760,Orelle,Mertgen,omertgenl3@istockphoto.com
761,Lorrie,Biernat,lbiernatl4@msu.edu
762,Arlene,Rentoul,arentoull5@aboutads.info
763,Morie,Subhan,msubhanl6@blogger.com
764,Ofella,Whinney,owhinneyl7@cornell.edu
765,Lorilyn,Costar,lcostarl8@mlb.com
766,Batsheva,Spilsbury,bspilsburyl9@smh.com.au
767,Ariana,Berkeley,aberkeleyla@angelfire.com
768,Hyacinthie,Screase,hscreaselb@ted.com
769,Gilberta,Di Francesco,gdifrancescolc@chicagotribune.com
770,Scarlet,Chatwood,schatwoodld@va.gov
771,Melina,Kintish,mkintishle@cloudflare.com
772,Bettina,Touzey,btouzeylf@wired.com
773,Howey,Chew,hchewlg@livejournal.com
774,Saul,Sword,sswordlh@census.gov
775,Morey,Grivori,mgrivorili@mapy.cz
776,Luther,Ciotti,lciottilj@gov.uk
777,Rafferty,Legge,rleggelk@creativecommons.org
778,Orren,Arens,oarensll@cnbc.com
779,Hubie,Manson,hmansonlm@comsenz.com
780,Pansie,Veldens,pveldensln@joomla.org
781,Noam,Creaser,ncreaserlo@sciencedaily.com
782,Pierette,Tonkes,ptonkeslp@youtu.be
783,Lucian,Tabrett,ltabrettlq@cornell.edu
784,Aeriell,Guice,aguicelr@sourceforge.net
785,Serge,Cheshire,scheshirels@blogger.com
786,Benedetto,Jarritt,bjarrittlt@joomla.org
787,Rance,Siehard,rsiehardlu@hostgator.com
788,Zacharia,Huxstep,zhuxsteplv@4shared.com
789,Kizzie,De Freyne,kdefreynelw@bbb.org
790,Reinwald,Bernet,rbernetlx@cpanel.net
791,Nicolis,Itzkowicz,nitzkowiczly@linkedin.com
792,Dyanna,Vitte,dvittelz@merriam-webster.com
793,Dion,Lambdin,dlambdinm0@umn.edu
794,Annelise,Woodlands,awoodlandsm1@about.me
795,Dotty,Fossitt,dfossittm2@redcross.org
796,Shayla,Barrington,sbarringtonm3@senate.gov
797,Natalya,Dake,ndakem4@apple.com
798,Klara,Hannibal,khannibalm5@facebook.com
799,Donavon,Emmanuel,demmanuelm6@globo.com
800,Cecilius,Arkcoll,carkcollm7@cafepress.com
801,Carlie,Begin,cbeginm8@bloglovin.com
802,Venita,Troni,vtronim9@japanpost.jp
803,Lowe,Iacavone,liacavonema@ucoz.com
804,Amandy,Scotchforth,ascotchforthmb@mayoclinic.com
805,Darrell,Swindles,dswindlesmc@hugedomains.com
806,Lucien,Abbs,labbsmd@csmonitor.com
807,Pierce,Lufkin,plufkinme@163.com
808,Cinnamon,Quinsee,cquinseemf@histats.com
809,Emelen,Brouard,ebrouardmg@mysql.com
810,Earl,Blanchet,eblanchetmh@blogger.com
811,Isabel,Stronghill,istronghillmi@mysql.com
812,Mira,Paddington,mpaddingtonmj@shutterfly.com
813,Lelia,Dregan,ldreganmk@telegraph.co.uk
814,Corabella,Steade,csteademl@wordpress.org
815,Phyllys,Squires,psquiresmm@nasa.gov
816,Keenan,Dalbey,kdalbeymn@stumbleupon.com
817,Deerdre,Janicijevic,djanicijevicmo@comcast.net
818,Sutherland,Rudsdell,srudsdellmp@google.com
819,Jaquenetta,Paulisch,jpaulischmq@nifty.com
820,Noelle,Card,ncardmr@newsvine.com
821,Bethany,Roycraft,broycraftms@vistaprint.com
822,Clemmie,Corley,ccorleymt@youtu.be
823,Arri,Persent,apersentmu@who.int
824,Haily,Bagot,hbagotmv@cisco.com
825,Hermione,Poynor,hpoynormw@bloglines.com
826,Adolf,Philpott,aphilpottmx@privacy.gov.au
827,Jereme,Stede,jstedemy@npr.org
828,Emile,Rickhuss,erickhussmz@webs.com
829,Korey,Ilyin,kilyinn0@woothemes.com
830,Elliott,Housecroft,ehousecroftn1@europa.eu
831,Claudina,Clemenza,cclemenzan2@storify.com
832,Nikos,Usher,nushern3@simplemachines.org
833,Moira,Ingerson,mingersonn4@google.com.br
834,Geralda,Cuschieri,gcuschierin5@comcast.net
835,Alvy,Izac,aizacn6@domainmarket.com
836,Asia,Gypps,agyppsn7@nymag.com
837,Levy,Graeber,lgraebern8@tiny.cc
838,Che,Spear,cspearn9@slate.com
839,Nil,Roughey,nrougheyna@printfriendly.com
840,Oralle,Vigers,ovigersnb@tamu.edu
841,Breanne,Wharrier,bwharriernc@sogou.com
842,Scotti,Bruneton,sbrunetonnd@devhub.com
843,Ninnette,Jeanequin,njeanequinne@xinhuanet.com
844,Trstram,Privett,tprivettnf@google.pl
845,Randie,Monkton,rmonktonng@newyorker.com
846,Devan,Jiggens,djiggensnh@bloglovin.com
847,Sarita,Sawforde,ssawfordeni@last.fm
848,Rafael,Tuberfield,rtuberfieldnj@ucla.edu
849,Meir,Roderham,mroderhamnk@apple.com
850,Carmine,Winscom,cwinscomnl@jalbum.net
851,Olag,Callister,ocallisternm@unblog.fr
852,Morly,Imrie,mimrienn@hhs.gov
853,Shellysheldon,Croston,scrostonno@meetup.com
854,Amalea,Steagall,asteagallnp@apache.org
855,Ange,Paule,apaulenq@nature.com
856,Robinia,Legion,rlegionnr@wikispaces.com
857,Brigitta,Dewdney,bdewdneyns@cbsnews.com
858,Lou,Norris,lnorrisnt@ehow.com
859,Saul,Farnsworth,sfarnsworthnu@stumbleupon.com
860,Koren,Germon,kgermonnv@independent.co.uk
861,Hadria,Janusz,hjanusznw@cafepress.com
862,Leela,Safont,lsafontnx@spiegel.de
863,Monte,Huett,mhuettny@nasa.gov
864,Kristopher,Wisher,kwishernz@tiny.cc
865,Hermie,Duester,hduestero0@ezinearticles.com
866,Patrice,Furness,pfurnesso1@mlb.com
867,Patrica,Mattheis,pmattheiso2@sitemeter.com
868,Adair,Tumility,atumilityo3@about.com
869,Cthrine,Santus,csantuso4@wunderground.com
870,Quentin,Cleobury,qcleoburyo5@soundcloud.com
871,Renie,Daffey,rdaffeyo6@cisco.com
872,Vally,Rattry,vrattryo7@cnet.com
873,Emmeline,Ethridge,eethridgeo8@amazon.co.uk
874,Angelia,Pennazzi,apennazzio9@nature.com
875,Kaia,Urien,kurienoa@un.org
876,Meriel,Ravillas,mravillasob@wp.com
877,Travus,Lacroutz,tlacroutzoc@harvard.edu
878,Ardra,Lawley,alawleyod@wordpress.org
879,Jackson,McMurthy,jmcmurthyoe@theguardian.com
880,Giulietta,Stuchberry,gstuchberryof@cbslocal.com
881,Moria,Tuberfield,mtuberfieldog@1688.com
882,Francoise,Danko,fdankooh@e-recht24.de
883,Ronnie,Larcombe,rlarcombeoi@utexas.edu
884,Idaline,McLeoid,imcleoidoj@acquirethisname.com
885,Mitch,Duesbury,mduesburyok@paypal.com
886,Jocelyne,Snap,jsnapol@examiner.com
887,Dot,Tortoishell,dtortoishellom@clickbank.net
888,Ingaborg,Mulberry,imulberryon@t.co
889,Rosalynd,Prestage,rprestageoo@ed.gov
890,Sandy,Dow,sdowop@livejournal.com
891,Idell,Borgne,iborgneoq@imdb.com
892,Jeanie,Libero,jliberoor@networksolutions.com
893,Vivyanne,Giocannoni,vgiocannonios@mapy.cz
894,Ammamaria,Cianelli,acianelliot@diigo.com
895,Leda,Blagdon,lblagdonou@engadget.com
896,Rosemary,Pionter,rpionterov@w3.org
897,Tabitha,Lingfoot,tlingfootow@wordpress.org
898,Bobbi,Huyge,bhuygeox@washington.edu
899,Dody,Sebley,dsebleyoy@epa.gov
900,Rufe,Looby,rloobyoz@abc.net.au
901,Deeyn,Hills,dhillsp0@intel.com
902,Jules,Perrin,jperrinp1@cloudflare.com
903,Alisun,Knutton,aknuttonp2@japanpost.jp
904,Portia,Minnis,pminnisp3@indiegogo.com
905,Jewelle,Hirtz,jhirtzp4@gnu.org
906,Jenilee,Barbe,jbarbep5@twitpic.com
907,Ty,Brecknell,tbrecknellp6@bluehost.com
908,Halimeda,Ickovitz,hickovitzp7@bizjournals.com
909,Rosamund,Braddock,rbraddockp8@mozilla.com
910,Cary,des Remedios,cdesremediosp9@sfgate.com
911,Remus,Pinare,rpinarepa@yale.edu
912,Zach,Beekmann,zbeekmannpb@va.gov
913,Kass,Brain,kbrainpc@zdnet.com
914,Minette,Darth,mdarthpd@hexun.com
915,Jessee,Blockley,jblockleype@msu.edu
916,Michel,Gyles,mgylespf@slideshare.net
917,Anjela,Stickens,astickenspg@facebook.com
918,Andria,Hanfrey,ahanfreyph@wp.com
919,Derrick,McClymont,dmcclymontpi@goodreads.com
920,Flossie,Axston,faxstonpj@desdev.cn
921,Torrin,Copley,tcopleypk@epa.gov
922,Albie,Hassan,ahassanpl@about.me
923,John,Robertucci,jrobertuccipm@skype.com
924,Diana,Wateridge,dwateridgepn@kickstarter.com
925,Katina,Lappine,klappinepo@cmu.edu
926,Marti,Janosevic,mjanosevicpp@gmpg.org
927,Hewe,Gerdts,hgerdtspq@godaddy.com
928,Jaquenette,Roddell,jroddellpr@springer.com
929,Sacha,Overbury,soverburyps@globo.com
930,Kennan,Matiewe,kmatiewept@xrea.com
931,Elysha,Moulster,emoulsterpu@reference.com
932,Maryanne,Binion,mbinionpv@goo.gl
933,Willow,Ferrarese,wferraresepw@chron.com
934,Jasper,Rickersy,jrickersypx@seattletimes.com
935,Aila,Knights,aknightspy@patch.com
936,Zebulon,Decroix,zdecroixpz@newyorker.com
937,Robina,Croix,rcroixq0@cpanel.net
938,Gonzales,Levick,glevickq1@amazon.co.jp
939,Blinni,Wing,bwingq2@github.io
940,Martyn,Gladdolph,mgladdolphq3@vinaora.com
941,Carr,Bernli,cbernliq4@com.com
942,Gregory,Lackinton,glackintonq5@va.gov
943,April,Bohan,abohanq6@hud.gov
944,Selig,Threadgall,sthreadgallq7@walmart.com
945,Tonnie,Ridler,tridlerq8@last.fm
946,Eldon,Milkins,emilkinsq9@uol.com.br
947,Marlie,Jebb,mjebbqa@microsoft.com
948,Lettie,Collingwood,lcollingwoodqb@va.gov
949,Bernadina,Grigorini,bgrigoriniqc@alexa.com
950,Jere,Chason,jchasonqd@prweb.com
951,Desmund,Laimable,dlaimableqe@blogspot.com
952,Victoria,Hindes,vhindesqf@phpbb.com
953,Magnum,Franckton,mfrancktonqg@howstuffworks.com
954,North,Neenan,nneenanqh@woothemes.com
955,Bebe,Burnitt,bburnittqi@bigcartel.com
956,Corny,Steers,csteersqj@virginia.edu
957,Nelson,Jakel,njakelqk@printfriendly.com
958,Marcy,Guitton,mguittonql@wikimedia.org
959,Kylen,Curnick,kcurnickqm@ocn.ne.jp
960,Gunar,Stubbley,gstubbleyqn@baidu.com
961,Tito,Domsalla,tdomsallaqo@home.pl
962,Dalila,Mitroshinov,dmitroshinovqp@oaic.gov.au
963,Jenna,Pollendine,jpollendineqq@biglobe.ne.jp
964,Brian,Hucke,bhuckeqr@drupal.org
965,Phillip,Sute,psuteqs@naver.com
966,Skipton,Bugge,sbuggeqt@msu.edu
967,Jacquelyn,Hayton,jhaytonqu@google.ca
968,Florie,McCuaig,fmccuaigqv@edublogs.org
969,Lenna,Huscroft,lhuscroftqw@telegraph.co.uk
970,Noah,Fonquernie,nfonquernieqx@dedecms.com
971,Marjie,Mattei,mmatteiqy@lulu.com
972,Codi,O'Heffernan,coheffernanqz@hud.gov
973,Imogene,Delyth,idelythr0@bloomberg.com
974,Dev,Lodovichi,dlodovichir1@ifeng.com
975,Northrup,Brome,nbromer2@sfgate.com
976,Dulci,Allwright,dallwrightr3@youtu.be
977,Olympia,Isakowicz,oisakowiczr4@tuttocitta.it
978,Alwin,Saddleton,asaddletonr5@washington.edu
979,Bruce,Conen,bconenr6@goo.gl
980,Anjela,Wettern,awetternr7@ed.gov
981,Clint,Soloway,csolowayr8@slate.com
982,Randi,Beaumont,rbeaumontr9@blogger.com
983,Alida,Bashford,abashfordra@amazonaws.com
984,Augustus,Wooding,awoodingrb@quantcast.com
985,Martynne,Hatchell,mhatchellrc@un.org
986,Chelsey,Lanceter,clanceterrd@gov.uk
987,Dorella,Dreigher,ddreigherre@behance.net
988,Decca,Penketh,dpenkethrf@telegraph.co.uk
989,Hillyer,Shadrack,hshadrackrg@reference.com
990,Doralynne,Rideout,drideoutrh@google.nl
991,Gunar,D'Antoni,gdantoniri@mit.edu
992,Ursa,Wearn,uwearnrj@seattletimes.com
993,Sheela,Larter,slarterrk@flavors.me
994,Horton,Daid,hdaidrl@senate.gov
995,Huey,Heyworth,hheyworthrm@behance.net
996,Arnoldo,Offiler,aoffilerrn@about.me
997,Ronny,Culp,rculpro@printfriendly.com
998,Padraig,Cansdall,pcansdallrp@twitpic.com
999,Arny,Chritchlow,achritchlowrq@linkedin.com
1000,Sharia,Davidson,sdavidsonrr@icio.us
